Job_ID,Machine_ID,Machine_Type,Risk_Tier,Start_Hour,End_Hour,Revenue,Priority_Level,Failure_Risk_Rm,Maint_Cost_Cm,Allocation_Score,Decision_Reason
JOB-029,MCH-113,Welding Unit,Healthy,47.5,69.8,3013.39,1,0.007,0.328,0.1845,"Best score=0.1845 among 98 valid Welding Unit machines; Risk=0.01, Cost=0.33"
JOB-165,MCH-296,Lathe,Healthy,22.9,46.3,2596.59,1,0.007,0.33,0.1769,"Best score=0.1769 among 93 valid Lathe machines; Risk=0.01, Cost=0.33"
JOB-126,MCH-296,Lathe,Healthy,46.3,65.7,2518.41,1,0.007,0.33,0.1756,"Best score=0.1756 among 94 valid Lathe machines; Risk=0.01, Cost=0.33"
JOB-098,MCH-296,Lathe,Healthy,65.7,87.9,2501.11,1,0.007,0.33,0.1753,"Best score=0.1753 among 94 valid Lathe machines; Risk=0.01, Cost=0.33"
JOB-175,MCH-173,Lathe,Healthy,25.0,41.2,2272.07,1,0.005,0.36,0.1659,"Best score=0.1659 among 95 valid Lathe machines; Risk=0.01, Cost=0.36"
JOB-064,MCH-113,Welding Unit,Healthy,69.8,85.8,2086.6,1,0.007,0.328,0.1684,"Best score=0.1684 among 101 valid Welding Unit machines; Risk=0.01, Cost=0.33"
JOB-130,MCH-113,Welding Unit,Healthy,85.8,105.9,1989.14,1,0.007,0.328,0.1667,"Best score=0.1667 among 99 valid Welding Unit machines; Risk=0.01, Cost=0.33"
JOB-164,MCH-113,Welding Unit,Healthy,105.9,123.1,1613.06,1,0.007,0.328,0.1602,"Best score=0.1602 among 101 valid Welding Unit machines; Risk=0.01, Cost=0.33"
JOB-045,MCH-203,Welding Unit,Healthy,47.8,64.0,1607.34,1,0.006,0.342,0.1576,"Best score=0.1576 among 100 valid Welding Unit machines; Risk=0.01, Cost=0.34"
JOB-047,MCH-203,Welding Unit,Healthy,64.0,87.8,1473.54,1,0.006,0.342,0.1553,"Best score=0.1553 among 96 valid Welding Unit machines; Risk=0.01, Cost=0.34"
JOB-077,MCH-286,CNC Mill,Healthy,43.5,53.6,1356.18,1,0.006,0.327,0.1564,"Best score=0.1564 among 94 valid CNC Mill machines; Risk=0.01, Cost=0.33"
JOB-085,MCH-393,Conveyor,Healthy,39.1,56.0,1250.05,1,0.005,0.331,0.154,"Best score=0.1540 among 86 valid Conveyor machines; Risk=0.01, Cost=0.33"
JOB-038,MCH-168,Hydraulic Press,Healthy,21.8,39.9,1210.39,1,0.005,0.324,0.1548,"Best score=0.1548 among 96 valid Hydraulic Press machines; Risk=0.01, Cost=0.32"
JOB-075,MCH-173,Lathe,Healthy,41.2,64.4,1206.19,1,0.005,0.36,0.1474,"Best score=0.1474 among 92 valid Lathe machines; Risk=0.01, Cost=0.36"
JOB-123,MCH-457,Welding Unit,Healthy,9.6,29.9,1179.56,1,0.008,0.341,0.1499,"Best score=0.1499 among 97 valid Welding Unit machines; Risk=0.01, Cost=0.34"
JOB-136,MCH-203,Welding Unit,Healthy,87.8,100.6,1168.66,1,0.006,0.342,0.15,"Best score=0.1500 among 103 valid Welding Unit machines; Risk=0.01, Cost=0.34"
JOB-158,MCH-393,Conveyor,Healthy,56.0,72.3,1140.16,1,0.005,0.331,0.1521,"Best score=0.1521 among 88 valid Conveyor machines; Risk=0.01, Cost=0.33"
JOB-174,MCH-457,Welding Unit,Healthy,29.9,38.7,1119.69,1,0.008,0.341,0.1489,"Best score=0.1489 among 102 valid Welding Unit machines; Risk=0.01, Cost=0.34"
JOB-032,MCH-168,Hydraulic Press,Healthy,39.9,52.9,1119.63,1,0.005,0.324,0.1532,"Best score=0.1532 among 97 valid Hydraulic Press machines; Risk=0.01, Cost=0.32"
JOB-160,MCH-286,CNC Mill,Healthy,53.6,62.9,1094.54,1,0.006,0.327,0.1518,"Best score=0.1518 among 94 valid CNC Mill machines; Risk=0.01, Cost=0.33"
JOB-023,MCH-173,Lathe,Healthy,64.4,83.6,1073.79,1,0.005,0.36,0.1451,"Best score=0.1451 among 93 valid Lathe machines; Risk=0.01, Cost=0.36"
JOB-153,MCH-296,Lathe,Healthy,87.9,95.1,1000.18,1,0.007,0.33,0.1492,"Best score=0.1492 among 99 valid Lathe machines; Risk=0.01, Cost=0.33"
JOB-193,MCH-286,CNC Mill,Healthy,62.9,79.9,905.43,1,0.006,0.327,0.1486,"Best score=0.1486 among 93 valid CNC Mill machines; Risk=0.01, Cost=0.33"
JOB-145,MCH-457,Welding Unit,Healthy,38.7,55.7,895.59,1,0.008,0.341,0.145,"Best score=0.1450 among 99 valid Welding Unit machines; Risk=0.01, Cost=0.34"
JOB-079,MCH-168,Hydraulic Press,Healthy,52.9,59.4,849.35,1,0.005,0.324,0.1485,"Best score=0.1485 among 100 valid Hydraulic Press machines; Risk=0.01, Cost=0.32"
JOB-069,MCH-286,CNC Mill,Healthy,79.9,92.9,842.07,1,0.006,0.327,0.1475,"Best score=0.1475 among 94 valid CNC Mill machines; Risk=0.01, Cost=0.33"
JOB-166,MCH-286,CNC Mill,Healthy,92.9,105.6,784.94,1,0.006,0.327,0.1465,"Best score=0.1465 among 94 valid CNC Mill machines; Risk=0.01, Cost=0.33"
JOB-189,MCH-443,Lathe,Healthy,31.2,42.0,771.97,1,0.008,0.338,0.1434,"Best score=0.1434 among 98 valid Lathe machines; Risk=0.01, Cost=0.34"
JOB-119,MCH-393,Conveyor,Healthy,72.3,78.0,760.92,1,0.005,0.331,0.1455,"Best score=0.1455 among 90 valid Conveyor machines; Risk=0.01, Cost=0.33"
JOB-056,MCH-457,Welding Unit,Healthy,55.7,64.5,726.98,1,0.008,0.341,0.142,"Best score=0.1420 among 102 valid Welding Unit machines; Risk=0.01, Cost=0.34"
JOB-168,MCH-173,Lathe,Healthy,83.6,88.1,593.62,1,0.005,0.36,0.1368,"Best score=0.1368 among 98 valid Lathe machines; Risk=0.01, Cost=0.36"
JOB-006,MCH-113,Welding Unit,Healthy,123.1,127.6,513.25,1,0.007,0.328,0.1412,"Best score=0.1412 among 104 valid Welding Unit machines; Risk=0.01, Cost=0.33"
JOB-022,MCH-296,Lathe,Healthy,95.1,97.9,352.05,1,0.007,0.33,0.138,"Best score=0.1380 among 99 valid Lathe machines; Risk=0.01, Cost=0.33"
JOB-024,MCH-173,Lathe,Healthy,88.1,90.6,313.64,1,0.005,0.36,0.1319,"Best score=0.1319 among 98 valid Lathe machines; Risk=0.01, Cost=0.36"
JOB-033,MCH-457,Welding Unit,Healthy,64.5,67.4,256.59,1,0.008,0.341,0.1339,"Best score=0.1339 among 104 valid Welding Unit machines; Risk=0.01, Cost=0.34"
JOB-018,MCH-168,Hydraulic Press,Healthy,59.4,63.1,191.43,1,0.005,0.324,0.1371,"Best score=0.1371 among 100 valid Hydraulic Press machines; Risk=0.01, Cost=0.32"
JOB-142,MCH-113,Welding Unit,Healthy,127.6,128.9,124.82,1,0.007,0.328,0.1344,"Best score=0.1344 among 107 valid Welding Unit machines; Risk=0.01, Cost=0.33"
JOB-109,MCH-113,Welding Unit,Healthy,128.9,130.0,96.9,1,0.007,0.328,0.1339,"Best score=0.1339 among 108 valid Welding Unit machines; Risk=0.01, Cost=0.33"
JOB-083,MCH-168,Hydraulic Press,Healthy,63.1,86.3,6667.55,2,0.005,0.324,0.1994,"Best score=0.1994 among 93 valid Hydraulic Press machines; Risk=0.01, Cost=0.32"
JOB-133,MCH-173,Lathe,Healthy,90.6,113.0,5139.57,2,0.005,0.36,0.1656,"Best score=0.1656 among 93 valid Lathe machines; Risk=0.01, Cost=0.36"
JOB-110,MCH-168,Hydraulic Press,Healthy,86.3,109.6,5035.07,2,0.005,0.324,0.1711,"Best score=0.1711 among 93 valid Hydraulic Press machines; Risk=0.01, Cost=0.32"
JOB-067,MCH-042,Hydraulic Press,Healthy,33.9,50.1,4659.45,2,0.006,0.336,0.1617,"Best score=0.1617 among 96 valid Hydraulic Press machines; Risk=0.01, Cost=0.34"
JOB-167,MCH-457,Welding Unit,Healthy,67.4,85.2,4492.59,2,0.008,0.341,0.1573,"Best score=0.1573 among 98 valid Welding Unit machines; Risk=0.01, Cost=0.34"
JOB-062,MCH-142,Conveyor,Healthy,13.7,29.1,3750.54,2,0.006,0.331,0.147,"Best score=0.1470 among 87 valid Conveyor machines; Risk=0.01, Cost=0.33"
JOB-025,MCH-232,Lathe,Healthy,9.2,23.7,3394.74,2,0.006,0.359,0.1352,"Best score=0.1352 among 95 valid Lathe machines; Risk=0.01, Cost=0.36"
JOB-016,MCH-393,Conveyor,Healthy,78.0,90.6,3263.67,2,0.005,0.331,0.1389,"Best score=0.1389 among 88 valid Conveyor machines; Risk=0.01, Cost=0.33"
JOB-115,MCH-457,Welding Unit,Healthy,85.2,99.0,3137.16,2,0.008,0.341,0.1338,"Best score=0.1338 among 102 valid Welding Unit machines; Risk=0.01, Cost=0.34"
JOB-049,MCH-154,Welding Unit,Healthy,37.0,49.3,2990.68,2,0.005,0.348,0.1308,"Best score=0.1308 among 101 valid Welding Unit machines; Risk=0.01, Cost=0.35"
JOB-146,MCH-483,CNC Mill,Healthy,5.9,16.9,2838.03,2,0.008,0.324,0.132,"Best score=0.1320 among 93 valid CNC Mill machines; Risk=0.01, Cost=0.32"
JOB-042,MCH-154,Welding Unit,Healthy,49.3,68.0,2807.58,2,0.005,0.348,0.1276,"Best score=0.1276 among 96 valid Welding Unit machines; Risk=0.01, Cost=0.35"
JOB-105,MCH-062,Welding Unit,Healthy,32.7,47.9,2643.7,2,0.006,0.351,0.1239,"Best score=0.1239 among 98 valid Welding Unit machines; Risk=0.01, Cost=0.35"
JOB-108,MCH-142,Conveyor,Healthy,29.1,40.9,2611.04,2,0.006,0.331,0.1273,"Best score=0.1273 among 87 valid Conveyor machines; Risk=0.01, Cost=0.33"
JOB-192,MCH-142,Conveyor,Healthy,40.9,53.5,2413.44,2,0.006,0.331,0.1239,"Best score=0.1239 among 87 valid Conveyor machines; Risk=0.01, Cost=0.33"
JOB-178,MCH-142,Conveyor,Healthy,53.5,70.6,2411.56,2,0.006,0.331,0.1238,"Best score=0.1238 among 85 valid Conveyor machines; Risk=0.01, Cost=0.33"
JOB-200,MCH-062,Welding Unit,Healthy,47.9,60.5,2393.82,2,0.006,0.351,0.1196,"Best score=0.1196 among 100 valid Welding Unit machines; Risk=0.01, Cost=0.35"
JOB-021,MCH-232,Lathe,Healthy,23.7,40.5,2385.07,2,0.006,0.359,0.1177,"Best score=0.1177 among 94 valid Lathe machines; Risk=0.01, Cost=0.36"
JOB-059,MCH-042,Hydraulic Press,Healthy,50.1,58.8,2200.93,2,0.006,0.336,0.1191,"Best score=0.1191 among 99 valid Hydraulic Press machines; Risk=0.01, Cost=0.34"
JOB-094,MCH-286,CNC Mill,Healthy,105.6,112.3,1698.59,2,0.006,0.327,0.1123,"Best score=0.1123 among 95 valid CNC Mill machines; Risk=0.01, Cost=0.33"
JOB-011,MCH-042,Hydraulic Press,Healthy,58.8,68.0,1584.54,2,0.006,0.336,0.1084,"Best score=0.1084 among 99 valid Hydraulic Press machines; Risk=0.01, Cost=0.34"
JOB-055,MCH-232,Lathe,Healthy,40.5,47.2,1463.99,2,0.006,0.359,0.1018,"Best score=0.1018 among 97 valid Lathe machines; Risk=0.01, Cost=0.36"
JOB-102,MCH-042,Hydraulic Press,Healthy,68.0,73.4,1384.69,2,0.006,0.336,0.1049,"Best score=0.1049 among 99 valid Hydraulic Press machines; Risk=0.01, Cost=0.34"
JOB-104,MCH-042,Hydraulic Press,Healthy,73.4,84.0,1369.4,2,0.006,0.336,0.1047,"Best score=0.1047 among 98 valid Hydraulic Press machines; Risk=0.01, Cost=0.34"
JOB-044,MCH-021,Conveyor,Healthy,32.7,42.5,1279.36,2,0.005,0.349,0.1008,"Best score=0.1008 among 87 valid Conveyor machines; Risk=0.01, Cost=0.35"
JOB-081,MCH-142,Conveyor,Healthy,70.6,76.5,1071.88,2,0.006,0.331,0.1006,"Best score=0.1006 among 89 valid Conveyor machines; Risk=0.01, Cost=0.33"
JOB-088,MCH-457,Welding Unit,Healthy,99.0,106.8,1029.95,2,0.008,0.341,0.0973,"Best score=0.0973 among 101 valid Welding Unit machines; Risk=0.01, Cost=0.34"
JOB-004,MCH-062,Welding Unit,Healthy,60.5,66.1,884.2,2,0.006,0.351,0.0934,"Best score=0.0934 among 101 valid Welding Unit machines; Risk=0.01, Cost=0.35"
JOB-171,MCH-483,CNC Mill,Healthy,16.9,21.4,829.55,2,0.008,0.324,0.0972,"Best score=0.0972 among 94 valid CNC Mill machines; Risk=0.01, Cost=0.32"
JOB-099,MCH-021,Conveyor,Healthy,42.5,49.5,769.7,2,0.005,0.349,0.092,"Best score=0.0920 among 88 valid Conveyor machines; Risk=0.01, Cost=0.35"
JOB-128,MCH-483,CNC Mill,Healthy,21.4,26.1,737.84,2,0.008,0.324,0.0956,"Best score=0.0956 among 94 valid CNC Mill machines; Risk=0.01, Cost=0.32"
JOB-072,MCH-168,Hydraulic Press,Healthy,109.6,113.2,536.82,2,0.005,0.324,0.0931,"Best score=0.0931 among 99 valid Hydraulic Press machines; Risk=0.01, Cost=0.32"
JOB-043,MCH-154,Welding Unit,Healthy,68.0,69.7,452.31,2,0.005,0.348,0.0868,"Best score=0.0868 among 104 valid Welding Unit machines; Risk=0.01, Cost=0.35"
JOB-116,MCH-483,CNC Mill,Healthy,26.1,28.4,446.31,2,0.008,0.324,0.0905,"Best score=0.0905 among 94 valid CNC Mill machines; Risk=0.01, Cost=0.32"
JOB-182,MCH-168,Hydraulic Press,Healthy,113.2,114.7,311.98,2,0.005,0.324,0.0892,"Best score=0.0892 among 100 valid Hydraulic Press machines; Risk=0.01, Cost=0.32"
JOB-074,MCH-021,Conveyor,Healthy,49.5,51.2,264.44,2,0.005,0.349,0.0832,"Best score=0.0832 among 90 valid Conveyor machines; Risk=0.01, Cost=0.35"
JOB-093,MCH-142,Conveyor,Healthy,76.5,77.6,177.22,2,0.006,0.331,0.0851,"Best score=0.0851 among 91 valid Conveyor machines; Risk=0.01, Cost=0.33"
JOB-125,MCH-401,Conveyor,Healthy,10.8,33.6,9623.05,3,0.011,0.36,0.1916,"Best score=0.1916 among 79 valid Conveyor machines; Risk=0.01, Cost=0.36"
JOB-194,MCH-232,Lathe,Healthy,47.2,69.4,9006.44,3,0.006,0.359,0.1825,"Best score=0.1825 among 92 valid Lathe machines; Risk=0.01, Cost=0.36"
JOB-084,MCH-021,Conveyor,Healthy,51.2,71.1,8756.83,3,0.005,0.349,0.1805,"Best score=0.1805 among 82 valid Conveyor machines; Risk=0.01, Cost=0.35"
JOB-173,MCH-401,Conveyor,Healthy,33.6,56.3,8649.73,3,0.011,0.36,0.1748,"Best score=0.1748 among 79 valid Conveyor machines; Risk=0.01, Cost=0.36"
JOB-197,MCH-448,Welding Unit,Healthy,44.8,66.2,8468.78,3,0.023,0.336,0.1726,"Best score=0.1726 among 93 valid Welding Unit machines; Risk=0.02, Cost=0.34"
JOB-070,MCH-232,Lathe,Healthy,69.4,89.8,8324.34,3,0.006,0.359,0.1707,"Best score=0.1707 among 92 valid Lathe machines; Risk=0.01, Cost=0.36"
JOB-157,MCH-401,Conveyor,Healthy,56.3,75.6,7784.84,3,0.011,0.36,0.1598,"Best score=0.1598 among 82 valid Conveyor machines; Risk=0.01, Cost=0.36"
JOB-086,MCH-483,CNC Mill,Healthy,28.4,50.2,6768.32,3,0.008,0.324,0.1501,"Best score=0.1501 among 84 valid CNC Mill machines; Risk=0.01, Cost=0.32"
JOB-124,MCH-449,Conveyor,Healthy,7.4,22.1,6481.69,3,0.006,0.404,0.1297,"Best score=0.1297 among 84 valid Conveyor machines; Risk=0.01, Cost=0.40"
JOB-005,MCH-448,Welding Unit,Healthy,66.2,86.4,6419.24,3,0.023,0.336,0.1371,"Best score=0.1371 among 94 valid Welding Unit machines; Risk=0.02, Cost=0.34"
JOB-076,MCH-429,Hydraulic Press,Healthy,31.4,52.3,5686.93,3,0.01,0.332,0.1292,"Best score=0.1292 among 92 valid Hydraulic Press machines; Risk=0.01, Cost=0.33"
JOB-177,MCH-449,Conveyor,Healthy,22.1,44.0,5123.16,3,0.006,0.404,0.1062,"Best score=0.1062 among 78 valid Conveyor machines; Risk=0.01, Cost=0.40"
JOB-135,MCH-476,Lathe,Healthy,4.7,25.1,4868.35,3,0.016,0.346,0.1104,"Best score=0.1104 among 91 valid Lathe machines; Risk=0.02, Cost=0.35"
JOB-026,MCH-449,Conveyor,Healthy,44.0,66.8,4518.21,3,0.006,0.404,0.0957,"Best score=0.0957 among 78 valid Conveyor machines; Risk=0.01, Cost=0.40"
JOB-054,MCH-411,Welding Unit,Healthy,13.4,23.2,4386.32,3,0.006,0.376,0.099,"Best score=0.0990 among 98 valid Welding Unit machines; Risk=0.01, Cost=0.38"
JOB-113,MCH-429,Hydraulic Press,Healthy,52.3,70.5,4274.77,3,0.01,0.332,0.1047,"Best score=0.1047 among 94 valid Hydraulic Press machines; Risk=0.01, Cost=0.33"
JOB-091,MCH-401,Conveyor,Healthy,75.6,88.2,4166.0,3,0.011,0.36,0.097,"Best score=0.0970 among 85 valid Conveyor machines; Risk=0.01, Cost=0.36"
JOB-008,MCH-429,Hydraulic Press,Healthy,70.5,82.8,4054.91,3,0.01,0.332,0.1009,"Best score=0.1009 among 95 valid Hydraulic Press machines; Risk=0.01, Cost=0.33"
JOB-012,MCH-483,CNC Mill,Healthy,50.2,63.4,4014.91,3,0.008,0.324,0.1024,"Best score=0.1024 among 92 valid CNC Mill machines; Risk=0.01, Cost=0.32"
JOB-007,MCH-483,CNC Mill,Healthy,63.4,74.0,3777.34,3,0.008,0.324,0.0983,"Best score=0.0983 among 93 valid CNC Mill machines; Risk=0.01, Cost=0.32"
JOB-034,MCH-448,Welding Unit,Healthy,86.4,103.2,3658.4,3,0.023,0.336,0.0892,"Best score=0.0892 among 96 valid Welding Unit machines; Risk=0.02, Cost=0.34"
JOB-140,MCH-483,CNC Mill,Healthy,74.0,82.9,3497.72,3,0.008,0.324,0.0934,"Best score=0.0934 among 93 valid CNC Mill machines; Risk=0.01, Cost=0.32"
JOB-183,MCH-232,Lathe,Healthy,89.8,107.5,3241.45,3,0.006,0.359,0.0826,"Best score=0.0826 among 94 valid Lathe machines; Risk=0.01, Cost=0.36"
JOB-188,MCH-411,Welding Unit,Healthy,23.2,34.6,3165.87,3,0.006,0.376,0.0778,"Best score=0.0778 among 98 valid Welding Unit machines; Risk=0.01, Cost=0.38"
JOB-058,MCH-411,Welding Unit,Healthy,34.6,44.3,3121.09,3,0.006,0.376,0.077,"Best score=0.0770 among 98 valid Welding Unit machines; Risk=0.01, Cost=0.38"
JOB-139,MCH-411,Welding Unit,Healthy,44.3,52.5,3093.09,3,0.006,0.376,0.0766,"Best score=0.0766 among 98 valid Welding Unit machines; Risk=0.01, Cost=0.38"
JOB-060,MCH-476,Lathe,Healthy,25.1,34.5,2811.4,3,0.016,0.346,0.0748,"Best score=0.0748 among 95 valid Lathe machines; Risk=0.02, Cost=0.35"
JOB-114,MCH-411,Welding Unit,Healthy,52.5,65.4,2573.49,3,0.006,0.376,0.0675,"Best score=0.0675 among 98 valid Welding Unit machines; Risk=0.01, Cost=0.38"
JOB-184,MCH-476,Lathe,Healthy,34.5,49.9,2530.53,3,0.016,0.346,0.0699,"Best score=0.0699 among 93 valid Lathe machines; Risk=0.02, Cost=0.35"
JOB-015,MCH-483,CNC Mill,Healthy,82.9,92.5,2420.1,3,0.008,0.324,0.0747,"Best score=0.0747 among 93 valid CNC Mill machines; Risk=0.01, Cost=0.32"
JOB-149,MCH-093,Lathe,Healthy,28.1,42.2,2330.4,3,0.007,0.372,0.0638,"Best score=0.0638 among 93 valid Lathe machines; Risk=0.01, Cost=0.37"
JOB-063,MCH-411,Welding Unit,Healthy,65.4,72.7,2258.03,3,0.006,0.376,0.0621,"Best score=0.0621 among 98 valid Welding Unit machines; Risk=0.01, Cost=0.38"
JOB-154,MCH-473,CNC Mill,Healthy,30.5,41.8,2241.92,3,0.005,0.353,0.0669,"Best score=0.0669 among 92 valid CNC Mill machines; Risk=0.01, Cost=0.35"
JOB-065,MCH-411,Welding Unit,Healthy,72.7,78.3,1889.94,3,0.006,0.376,0.0557,"Best score=0.0557 among 99 valid Welding Unit machines; Risk=0.01, Cost=0.38"
JOB-019,MCH-340,Conveyor,Healthy,37.9,42.1,1874.35,3,0.019,0.33,0.0608,"Best score=0.0608 among 89 valid Conveyor machines; Risk=0.02, Cost=0.33"
JOB-020,MCH-476,Lathe,Healthy,49.9,54.9,1866.69,3,0.016,0.346,0.0584,"Best score=0.0584 among 96 valid Lathe machines; Risk=0.02, Cost=0.35"
JOB-039,MCH-473,CNC Mill,Healthy,41.8,47.4,1519.21,3,0.005,0.353,0.0543,"Best score=0.0543 among 93 valid CNC Mill machines; Risk=0.01, Cost=0.35"
JOB-036,MCH-232,Lathe,Healthy,107.5,112.6,1517.22,3,0.006,0.359,0.0527,"Best score=0.0527 among 96 valid Lathe machines; Risk=0.01, Cost=0.36"
JOB-196,MCH-449,Conveyor,Healthy,66.8,74.6,1504.31,3,0.006,0.404,0.0434,"Best score=0.0434 among 85 valid Conveyor machines; Risk=0.01, Cost=0.40"
JOB-014,MCH-476,Lathe,Healthy,54.9,58.1,1270.38,3,0.016,0.346,0.048,"Best score=0.0480 among 96 valid Lathe machines; Risk=0.02, Cost=0.35"
JOB-100,MCH-401,Conveyor,Healthy,88.2,92.6,884.56,3,0.011,0.36,0.0401,"Best score=0.0401 among 88 valid Conveyor machines; Risk=0.01, Cost=0.36"
JOB-180,MCH-473,CNC Mill,Healthy,47.4,50.3,774.29,3,0.005,0.353,0.0414,"Best score=0.0414 among 93 valid CNC Mill machines; Risk=0.01, Cost=0.35"
JOB-151,MCH-401,Conveyor,Healthy,92.6,94.5,577.61,3,0.011,0.36,0.0348,"Best score=0.0348 among 88 valid Conveyor machines; Risk=0.01, Cost=0.36"
JOB-122,MCH-062,Welding Unit,Healthy,66.1,67.7,566.71,3,0.006,0.351,0.0379,"Best score=0.0379 among 102 valid Welding Unit machines; Risk=0.01, Cost=0.35"
JOB-191,MCH-461,Welding Unit,Healthy,13.1,37.0,13841.16,4,0.007,0.391,0.2097,"Best score=0.2097 among 90 valid Welding Unit machines; Risk=0.01, Cost=0.39"
JOB-148,MCH-185,Conveyor,Healthy,37.0,60.2,12618.91,4,0.012,0.396,0.186,"Best score=0.1860 among 77 valid Conveyor machines; Risk=0.01, Cost=0.40"
JOB-097,MCH-210,CNC Mill,Healthy,35.9,57.1,11739.22,4,0.01,0.365,0.1776,"Best score=0.1776 among 83 valid CNC Mill machines; Risk=0.01, Cost=0.36"
JOB-150,MCH-206,Conveyor,Healthy,18.4,41.9,11628.54,4,0.015,0.393,0.1686,"Best score=0.1686 among 76 valid Conveyor machines; Risk=0.01, Cost=0.39"
JOB-080,MCH-210,CNC Mill,Healthy,57.1,76.6,11196.9,4,0.01,0.365,0.1682,"Best score=0.1682 among 88 valid CNC Mill machines; Risk=0.01, Cost=0.36"
JOB-129,MCH-185,Conveyor,Healthy,60.2,79.6,11032.39,4,0.012,0.396,0.1585,"Best score=0.1585 among 79 valid Conveyor machines; Risk=0.01, Cost=0.40"
JOB-052,MCH-436,Hydraulic Press,Healthy,26.8,42.0,8984.92,4,0.006,0.343,0.1354,"Best score=0.1354 among 94 valid Hydraulic Press machines; Risk=0.01, Cost=0.34"
JOB-199,MCH-206,Conveyor,Healthy,41.9,63.6,8464.98,4,0.015,0.393,0.1138,"Best score=0.1138 among 77 valid Conveyor machines; Risk=0.01, Cost=0.39"
JOB-090,MCH-482,Lathe,Healthy,27.7,50.0,8227.5,4,0.005,0.381,0.115,"Best score=0.1150 among 88 valid Lathe machines; Risk=0.01, Cost=0.38"
JOB-092,MCH-395,CNC Mill,Healthy,35.3,52.3,7761.34,4,0.009,0.367,0.1084,"Best score=0.1084 among 89 valid CNC Mill machines; Risk=0.01, Cost=0.37"
JOB-095,MCH-094,CNC Mill,Healthy,19.9,39.1,7513.85,4,0.009,0.374,0.1028,"Best score=0.1028 among 86 valid CNC Mill machines; Risk=0.01, Cost=0.37"
JOB-159,MCH-114,Conveyor,Healthy,43.8,66.5,6671.25,4,0.005,0.409,0.0824,"Best score=0.0824 among 75 valid Conveyor machines; Risk=0.01, Cost=0.41"
JOB-132,MCH-461,Welding Unit,Healthy,37.0,52.5,6282.72,4,0.007,0.391,0.0787,"Best score=0.0787 among 82 valid Welding Unit machines; Risk=0.01, Cost=0.39"
JOB-111,MCH-436,Hydraulic Press,Healthy,42.0,64.4,5662.0,4,0.006,0.343,0.0778,"Best score=0.0778 among 90 valid Hydraulic Press machines; Risk=0.01, Cost=0.34"
JOB-041,MCH-461,Welding Unit,Healthy,52.5,61.7,5336.51,4,0.007,0.391,0.0623,"Best score=0.0623 among 97 valid Welding Unit machines; Risk=0.01, Cost=0.39"
JOB-144,MCH-094,CNC Mill,Healthy,39.1,58.6,4953.89,4,0.009,0.374,0.0584,"Best score=0.0584 among 78 valid CNC Mill machines; Risk=0.01, Cost=0.37"
JOB-169,MCH-367,Welding Unit,Healthy,11.0,34.3,4721.4,4,0.006,0.393,0.0515,"Best score=0.0515 among 90 valid Welding Unit machines; Risk=0.01, Cost=0.39"
JOB-089,MCH-367,Welding Unit,Healthy,34.3,53.5,4455.13,4,0.006,0.393,0.0469,"Best score=0.0469 among 89 valid Welding Unit machines; Risk=0.01, Cost=0.39"
JOB-057,MCH-461,Welding Unit,Healthy,61.7,75.8,4323.73,4,0.007,0.391,0.0447,"Best score=0.0447 among 97 valid Welding Unit machines; Risk=0.01, Cost=0.39"
JOB-187,MCH-343,Conveyor,Healthy,17.5,30.5,4304.8,4,0.006,0.416,0.0397,"Best score=0.0397 among 80 valid Conveyor machines; Risk=0.01, Cost=0.42"
JOB-107,MCH-102,Lathe,Healthy,22.4,40.3,4262.2,4,0.009,0.379,0.0454,"Best score=0.0454 among 89 valid Lathe machines; Risk=0.01, Cost=0.38"
JOB-003,MCH-295,Welding Unit,Healthy,19.1,34.8,4238.33,4,0.012,0.41,0.0378,"Best score=0.0378 among 93 valid Welding Unit machines; Risk=0.01, Cost=0.41"
JOB-046,MCH-343,Conveyor,Healthy,30.5,42.8,4150.59,4,0.006,0.416,0.0371,"Best score=0.0371 among 80 valid Conveyor machines; Risk=0.01, Cost=0.42"
JOB-172,MCH-343,Conveyor,Healthy,42.8,53.3,4026.76,4,0.006,0.416,0.0349,"Best score=0.0349 among 81 valid Conveyor machines; Risk=0.01, Cost=0.42"
JOB-155,MCH-326,Hydraulic Press,Healthy,9.1,15.4,3550.86,4,0.005,0.356,0.0389,"Best score=0.0389 among 96 valid Hydraulic Press machines; Risk=0.01, Cost=0.36"
JOB-040,MCH-436,Hydraulic Press,Healthy,64.4,71.8,3202.48,4,0.006,0.343,0.0351,"Best score=0.0351 among 97 valid Hydraulic Press machines; Risk=0.01, Cost=0.34"
JOB-048,MCH-326,Hydraulic Press,Healthy,15.4,26.6,3032.37,4,0.005,0.356,0.0299,"Best score=0.0299 among 94 valid Hydraulic Press machines; Risk=0.01, Cost=0.36"
JOB-035,MCH-367,Welding Unit,Healthy,53.5,58.8,2843.04,4,0.006,0.393,0.0189,"Best score=0.0189 among 97 valid Welding Unit machines; Risk=0.01, Cost=0.39"
JOB-106,MCH-395,CNC Mill,Healthy,52.3,56.4,1956.56,4,0.009,0.367,0.0078,"Best score=0.0078 among 91 valid CNC Mill machines; Risk=0.01, Cost=0.37"
JOB-156,MCH-367,Welding Unit,Healthy,58.8,62.8,1938.22,4,0.006,0.393,0.0032,"Best score=0.0032 among 98 valid Welding Unit machines; Risk=0.01, Cost=0.39"
JOB-071,MCH-343,Conveyor,Healthy,53.3,60.4,1876.06,4,0.006,0.416,-0.0024,"Best score=-0.0024 among 82 valid Conveyor machines; Risk=0.01, Cost=0.42"
JOB-138,MCH-093,Lathe,Healthy,42.2,47.3,1821.63,4,0.007,0.372,0.005,"Best score=0.0050 among 95 valid Lathe machines; Risk=0.01, Cost=0.37"
JOB-103,MCH-326,Hydraulic Press,Healthy,26.6,30.6,1760.13,4,0.005,0.356,0.0079,"Best score=0.0079 among 96 valid Hydraulic Press machines; Risk=0.01, Cost=0.36"
JOB-117,MCH-461,Welding Unit,Healthy,75.8,79.5,1472.47,4,0.007,0.391,-0.0047,"Best score=-0.0047 among 99 valid Welding Unit machines; Risk=0.01, Cost=0.39"
JOB-031,MCH-326,Hydraulic Press,Healthy,30.6,36.5,1446.32,4,0.005,0.356,0.0024,"Best score=0.0024 among 96 valid Hydraulic Press machines; Risk=0.01, Cost=0.36"
JOB-152,MCH-022,Conveyor,Healthy,15.0,21.3,1307.93,4,0.005,0.435,-0.0158,"Best score=-0.0158 among 81 valid Conveyor machines; Risk=0.01, Cost=0.43"
JOB-147,MCH-395,CNC Mill,Healthy,56.4,60.8,1084.97,4,0.009,0.367,-0.0073,"Best score=-0.0073 among 91 valid CNC Mill machines; Risk=0.01, Cost=0.37"
JOB-001,MCH-395,CNC Mill,Healthy,60.8,65.0,984.61,4,0.009,0.367,-0.0091,"Best score=-0.0091 among 91 valid CNC Mill machines; Risk=0.01, Cost=0.37"
JOB-112,MCH-069,CNC Mill,Healthy,44.5,48.8,935.96,4,0.006,0.392,-0.014,"Best score=-0.0140 among 89 valid CNC Mill machines; Risk=0.01, Cost=0.39"
JOB-134,MCH-210,CNC Mill,Healthy,76.6,79.4,896.44,4,0.01,0.365,-0.0104,"Best score=-0.0104 among 92 valid CNC Mill machines; Risk=0.01, Cost=0.36"
JOB-087,MCH-042,Hydraulic Press,Healthy,84.0,85.2,685.2,4,0.006,0.336,-0.0072,"Best score=-0.0072 among 98 valid Hydraulic Press machines; Risk=0.01, Cost=0.34"
JOB-002,MCH-289,Welding Unit,Healthy,10.2,33.9,17302.13,5,0.007,0.504,0.197,"Best score=0.1970 among 15 valid Welding Unit machines; Risk=0.01, Cost=0.50"
JOB-073,MCH-402,CNC Mill,Healthy,13.8,37.6,16727.3,5,0.008,0.392,0.2091,"Best score=0.2091 among 41 valid CNC Mill machines; Risk=0.01, Cost=0.39"
JOB-176,MCH-022,Conveyor,Healthy,21.3,44.7,16213.66,5,0.005,0.435,0.1927,"Best score=0.1927 among 33 valid Conveyor machines; Risk=0.01, Cost=0.43"
JOB-078,MCH-279,Conveyor,Healthy,6.2,28.7,14951.04,5,0.006,0.44,0.1695,"Best score=0.1695 among 43 valid Conveyor machines; Risk=0.01, Cost=0.44"
JOB-068,MCH-020,Conveyor,Healthy,28.4,48.0,13786.99,5,0.005,0.435,0.1505,"Best score=0.1505 among 61 valid Conveyor machines; Risk=0.01, Cost=0.44"
JOB-185,MCH-279,Conveyor,Healthy,28.7,46.6,13272.41,5,0.006,0.44,0.1404,"Best score=0.1404 among 47 valid Conveyor machines; Risk=0.01, Cost=0.44"
JOB-013,MCH-251,Hydraulic Press,Healthy,13.5,31.8,12557.85,5,0.013,0.351,0.1436,"Best score=0.1436 among 59 valid Hydraulic Press machines; Risk=0.01, Cost=0.35"
JOB-017,MCH-065,Lathe,Healthy,6.4,26.9,12323.22,5,0.005,0.419,0.1283,"Best score=0.1283 among 63 valid Lathe machines; Risk=0.01, Cost=0.42"
JOB-120,MCH-065,Lathe,Healthy,26.9,48.4,11648.13,5,0.005,0.419,0.1166,"Best score=0.1166 among 57 valid Lathe machines; Risk=0.01, Cost=0.42"
JOB-143,MCH-301,Conveyor,Healthy,9.3,27.0,11621.22,5,0.009,0.449,0.1089,"Best score=0.1089 among 38 valid Conveyor machines; Risk=0.01, Cost=0.45"
JOB-179,MCH-295,Welding Unit,Healthy,34.8,50.8,11101.4,5,0.012,0.41,0.1068,"Best score=0.1068 among 68 valid Welding Unit machines; Risk=0.01, Cost=0.41"
JOB-137,MCH-422,Conveyor,Healthy,20.3,40.0,10692.84,5,0.01,0.464,0.0897,"Best score=0.0897 among 36 valid Conveyor machines; Risk=0.01, Cost=0.46"
JOB-050,MCH-184,Conveyor,Healthy,26.1,42.6,9779.34,5,0.006,0.441,0.0796,"Best score=0.0796 among 53 valid Conveyor machines; Risk=0.01, Cost=0.44"
JOB-051,MCH-075,Welding Unit,Healthy,11.7,32.4,9225.83,5,0.005,0.439,0.0706,"Best score=0.0706 among 51 valid Welding Unit machines; Risk=0.01, Cost=0.44"
JOB-118,MCH-497,CNC Mill,Healthy,25.0,37.2,8209.61,5,0.007,0.396,0.0611,"Best score=0.0611 among 68 valid CNC Mill machines; Risk=0.01, Cost=0.40"
JOB-186,MCH-155,Conveyor,Healthy,6.4,26.8,8151.86,5,0.005,0.477,0.0445,"Best score=0.0445 among 22 valid Conveyor machines; Risk=0.01, Cost=0.48"
JOB-096,MCH-039,Welding Unit,Healthy,30.5,50.5,6986.64,5,0.005,0.437,0.0323,"Best score=0.0323 among 63 valid Welding Unit machines; Risk=0.01, Cost=0.44"
JOB-131,MCH-049,Hydraulic Press,Healthy,5.1,19.9,6826.77,5,0.007,0.364,0.0436,"Best score=0.0436 among 40 valid Hydraulic Press machines; Risk=0.01, Cost=0.36"
JOB-190,MCH-326,Hydraulic Press,Healthy,36.5,46.8,6585.95,5,0.005,0.356,0.0415,"Best score=0.0415 among 83 valid Hydraulic Press machines; Risk=0.01, Cost=0.36"
JOB-009,MCH-127,Lathe,Healthy,24.3,35.3,6522.52,5,0.065,0.351,0.0234,"Best score=0.0234 among 58 valid Lathe machines; Risk=0.07, Cost=0.35"
JOB-101,MCH-318,Welding Unit,Healthy,46.1,57.1,5245.39,5,0.007,0.434,0.002,"Best score=0.0020 among 93 valid Welding Unit machines; Risk=0.01, Cost=0.43"
JOB-037,MCH-421,Welding Unit,Healthy,13.5,29.6,5179.11,5,0.005,0.449,-0.0014,"Best score=-0.0014 among 31 valid Welding Unit machines; Risk=0.01, Cost=0.45"
JOB-163,MCH-301,Conveyor,Healthy,27.0,34.2,4284.49,5,0.009,0.449,-0.0183,"Best score=-0.0183 among 46 valid Conveyor machines; Risk=0.01, Cost=0.45"
JOB-198,MCH-022,Conveyor,Healthy,44.7,53.7,4129.09,5,0.005,0.435,-0.0169,"Best score=-0.0169 among 77 valid Conveyor machines; Risk=0.01, Cost=0.43"
JOB-181,MCH-155,Conveyor,Healthy,26.8,34.3,3944.2,5,0.005,0.477,-0.0285,"Best score=-0.0285 among 43 valid Conveyor machines; Risk=0.01, Cost=0.48"
JOB-082,MCH-039,Welding Unit,Healthy,50.5,60.1,3919.15,5,0.005,0.437,-0.0209,"Best score=-0.0209 among 93 valid Welding Unit machines; Risk=0.01, Cost=0.44"
JOB-127,MCH-075,Welding Unit,Healthy,32.4,42.2,3322.25,5,0.005,0.439,-0.0318,"Best score=-0.0318 among 61 valid Welding Unit machines; Risk=0.01, Cost=0.44"
JOB-141,MCH-102,Lathe,Healthy,40.3,47.3,3268.3,5,0.009,0.379,-0.0219,"Best score=-0.0219 among 91 valid Lathe machines; Risk=0.01, Cost=0.38"
JOB-066,MCH-227,CNC Mill,Healthy,6.4,11.6,3128.66,5,0.016,0.387,-0.028,"Best score=-0.0280 among 53 valid CNC Mill machines; Risk=0.02, Cost=0.39"
JOB-170,MCH-252,Welding Unit,Healthy,36.1,41.0,2977.24,5,0.005,0.412,-0.0323,"Best score=-0.0323 among 66 valid Welding Unit machines; Risk=0.01, Cost=0.41"
JOB-162,MCH-251,Hydraulic Press,Healthy,31.8,38.0,2605.01,5,0.013,0.351,-0.029,"Best score=-0.0290 among 72 valid Hydraulic Press machines; Risk=0.01, Cost=0.35"
JOB-195,MCH-305,Hydraulic Press,Healthy,35.3,43.0,2378.31,5,0.007,0.356,-0.032,"Best score=-0.0320 among 87 valid Hydraulic Press machines; Risk=0.01, Cost=0.36"
JOB-061,MCH-301,Conveyor,Healthy,34.2,40.1,2352.09,5,0.009,0.449,-0.0518,"Best score=-0.0518 among 55 valid Conveyor machines; Risk=0.01, Cost=0.45"
JOB-028,MCH-151,Conveyor,Healthy,12.9,18.9,2345.57,5,0.005,0.487,-0.0582,"Best score=-0.0582 among 48 valid Conveyor machines; Risk=0.01, Cost=0.49"
JOB-027,MCH-365,Conveyor,Healthy,34.6,41.2,1977.05,5,0.007,0.464,-0.0607,"Best score=-0.0607 among 66 valid Conveyor machines; Risk=0.01, Cost=0.46"
JOB-121,MCH-295,Welding Unit,Healthy,50.8,56.0,1940.01,5,0.012,0.41,-0.052,"Best score=-0.0520 among 93 valid Welding Unit machines; Risk=0.01, Cost=0.41"
JOB-030,MCH-326,Hydraulic Press,Healthy,46.8,52.1,1609.41,5,0.005,0.356,-0.0448,"Best score=-0.0448 among 96 valid Hydraulic Press machines; Risk=0.01, Cost=0.36"
JOB-053,MCH-022,Conveyor,Healthy,53.7,55.7,848.88,5,0.005,0.435,-0.0737,"Best score=-0.0737 among 81 valid Conveyor machines; Risk=0.01, Cost=0.43"
JOB-161,MCH-151,Conveyor,Healthy,18.9,20.6,791.03,5,0.005,0.487,-0.0851,"Best score=-0.0851 among 49 valid Conveyor machines; Risk=0.01, Cost=0.49"
JOB-010,MCH-402,CNC Mill,Healthy,37.6,39.0,757.16,5,0.008,0.392,-0.0678,"Best score=-0.0678 among 78 valid CNC Mill machines; Risk=0.01, Cost=0.39"
